,sample,substrate,year,branch,point,BP,BPS,YBP,YS,old_name
Y15B01P01DM,Y15B01P01DM,dead_bryos,Y15,B01,P01,B01P01,B01P01DM,Y15B01P01,Y15DM,15B01P01DMOS1
Y15B01P01LM,Y15B01P01LM,live_bryos,Y15,B01,P01,B01P01,B01P01LM,Y15B01P01,Y15LM,15B01P01LMOS163
Y15B01P02BK,Y15B01P02BK,outer_bark,Y15,B01,P02,B01P02,B01P02BK,Y15B01P02,Y15BK,15B01P02BRKS51
Y15B01P02DM,Y15B01P02DM,dead_bryos,Y15,B01,P02,B01P02,B01P02DM,Y15B01P02,Y15DM,15B01P02DMOS2
Y15B01P02LM,Y15B01P02LM,live_bryos,Y15,B01,P02,B01P02,B01P02LM,Y15B01P02,Y15LM,15B01P02LMOS162
Y15B01P03BK,Y15B01P03BK,outer_bark,Y15,B01,P03,B01P03,B01P03BK,Y15B01P03,Y15BK,15B01P03BRKS52
Y15B01P03DM,Y15B01P03DM,dead_bryos,Y15,B01,P03,B01P03,B01P03DM,Y15B01P03,Y15DM,15B01P03DMOS128
Y15B01P03LM,Y15B01P03LM,live_bryos,Y15,B01,P03,B01P03,B01P03LM,Y15B01P03,Y15LM,15B01P03LMOS161
Y15B01P04BK,Y15B01P04BK,outer_bark,Y15,B01,P04,B01P04,B01P04BK,Y15B01P04,Y15BK,15B01P04BRKS53
Y15B01P04DM,Y15B01P04DM,dead_bryos,Y15,B01,P04,B01P04,B01P04DM,Y15B01P04,Y15DM,15B01P04DMOS4
Y15B01P04LM,Y15B01P04LM,live_bryos,Y15,B01,P04,B01P04,B01P04LM,Y15B01P04,Y15LM,15B01P04LMOS150
Y15B01P08DM,Y15B01P08DM,dead_bryos,Y15,B01,P08,B01P08,B01P08DM,Y15B01P08,Y15DM,15B01P08DMOS8
Y15B01P08LM,Y15B01P08LM,live_bryos,Y15,B01,P08,B01P08,B01P08LM,Y15B01P08,Y15LM,15B01P08LMOS156
Y15B01P08WD,Y15B01P08WD,inner_bark,Y15,B01,P08,B01P08,B01P08WD,Y15B01P08,Y15WD,15B01P08MSCS189
Y15B01P13DM,Y15B01P13DM,dead_bryos,Y15,B01,P13,B01P13,B01P13DM,Y15B01P13,Y15DM,15B01P13DMOS13
Y15B01P13LM,Y15B01P13LM,live_bryos,Y15,B01,P13,B01P13,B01P13LM,Y15B01P13,Y15LM,15B01P13LMOS151
Y15B01P13WD,Y15B01P13WD,inner_bark,Y15,B01,P13,B01P13,B01P13WD,Y15B01P13,Y15WD,15B01P12MSCS1
Y15B01P14BK,Y15B01P14BK,outer_bark,Y15,B01,P14,B01P14,B01P14BK,Y15B01P14,Y15BK,15B01P14BRKS63
Y15B01P14LM,Y15B01P14LM,live_bryos,Y15,B01,P14,B01P14,B01P14LM,Y15B01P14,Y15LM,15B01P14LMOS150
Y15B01P15BK,Y15B01P15BK,outer_bark,Y15,B01,P15,B01P15,B01P15BK,Y15B01P15,Y15BK,15B01P15BRKS64
Y15B01P15DM,Y15B01P15DM,dead_bryos,Y15,B01,P15,B01P15,B01P15DM,Y15B01P15,Y15DM,15B01P15DMOS15
Y15B01P15LM,Y15B01P15LM,live_bryos,Y15,B01,P15,B01P15,B01P15LM,Y15B01P15,Y15LM,15B01P15LMOS149
Y15B02P01BK,Y15B02P01BK,outer_bark,Y15,B02,P01,B02P01,B02P01BK,Y15B02P01,Y15BK,15B02P01BRKS77
Y15B02P01DM,Y15B02P01DM,dead_bryos,Y15,B02,P01,B02P01,B02P01DM,Y15B02P01,Y15DM,15B02P01DMOS134
Y15B02P01LM,Y15B02P01LM,live_bryos,Y15,B02,P01,B02P01,B02P01LM,Y15B02P01,Y15LM,15B02P01LMOS137
Y15B02P02BK,Y15B02P02BK,outer_bark,Y15,B02,P02,B02P02,B02P02BK,Y15B02P02,Y15BK,15B02P02BRKS78
Y15B02P02DM,Y15B02P02DM,dead_bryos,Y15,B02,P02,B02P02,B02P02DM,Y15B02P02,Y15DM,15B02P02DMOS29
Y15B02P02LM,Y15B02P02LM,live_bryos,Y15,B02,P02,B02P02,B02P02LM,Y15B02P02,Y15LM,15B02P02LMOS136
Y15B02P03BK,Y15B02P03BK,outer_bark,Y15,B02,P03,B02P03,B02P03BK,Y15B02P03,Y15BK,15B02P03BRKS79
Y15B02P03DM,Y15B02P03DM,dead_bryos,Y15,B02,P03,B02P03,B02P03DM,Y15B02P03,Y15DM,15B02P03DMOS30
Y15B02P03LM,Y15B02P03LM,live_bryos,Y15,B02,P03,B02P03,B02P03LM,Y15B02P03,Y15LM,15B02P03LMOS148
Y15B02P04BK,Y15B02P04BK,outer_bark,Y15,B02,P04,B02P04,B02P04BK,Y15B02P04,Y15BK,15B02P04BRKS80
Y15B02P04DM,Y15B02P04DM,dead_bryos,Y15,B02,P04,B02P04,B02P04DM,Y15B02P04,Y15DM,15B02P04DMOS135
Y15B02P04WD,Y15B02P04WD,inner_bark,Y15,B02,P04,B02P04,B02P04WD,Y15B02P04,Y15WD,15B02P04MSCS17
Y15B02P08BK,Y15B02P08BK,outer_bark,Y15,B02,P08,B02P08,B02P08BK,Y15B02P08,Y15BK,15B02P08BRKS114
Y15B02P08LM,Y15B02P08LM,live_bryos,Y15,B02,P08,B02P08,B02P08LM,Y15B02P08,Y15LM,15B02P08LMOS131
Y15B02P13BK,Y15B02P13BK,outer_bark,Y15,B02,P13,B02P13,B02P13BK,Y15B02P13,Y15BK,15B02P13BRKS89
Y15B02P13DM,Y15B02P13DM,dead_bryos,Y15,B02,P13,B02P13,B02P13DM,Y15B02P13,Y15DM,15B02P13DMOS37
Y15B02P13LM,Y15B02P13LM,live_bryos,Y15,B02,P13,B02P13,B02P13LM,Y15B02P13,Y15LM,15B02P13LMOS127
Y15B02P13WD,Y15B02P13WD,inner_bark,Y15,B02,P13,B02P13,B02P13WD,Y15B02P13,Y15WD,15B02P13MSCS26
Y15B02P14BK,Y15B02P14BK,outer_bark,Y15,B02,P14,B02P14,B02P14BK,Y15B02P14,Y15BK,15B02P14BRKS90
Y15B02P14LM,Y15B02P14LM,live_bryos,Y15,B02,P14,B02P14,B02P14LM,Y15B02P14,Y15LM,15B02P14LMOS126
Y15B02P15BK,Y15B02P15BK,outer_bark,Y15,B02,P15,B02P15,B02P15BK,Y15B02P15,Y15BK,15B02P15BRKS91
Y15B02P15DM,Y15B02P15DM,dead_bryos,Y15,B02,P15,B02P15,B02P15DM,Y15B02P15,Y15DM,15B02P15DMOS38
Y15B02P15LM,Y15B02P15LM,live_bryos,Y15,B02,P15,B02P15,B02P15LM,Y15B02P15,Y15LM,15B02P15LMOS125
Y15B02P20BK,Y15B02P20BK,outer_bark,Y15,B02,P20,B02P20,B02P20BK,Y15B02P20,Y15BK,15B02P20BRKS118
Y15B02P20DM,Y15B02P20DM,dead_bryos,Y15,B02,P20,B02P20,B02P20DM,Y15B02P20,Y15DM,15B02P20DMOS42
Y15B02P20LM,Y15B02P20LM,live_bryos,Y15,B02,P20,B02P20,B02P20LM,Y15B02P20,Y15LM,15B02P20LMOS120
Y15B02P24BK,Y15B02P24BK,outer_bark,Y15,B02,P24,B02P24,B02P24BK,Y15B02P24,Y15BK,15B02P24BRKS100
Y15B02P24DM,Y15B02P24DM,dead_bryos,Y15,B02,P24,B02P24,B02P24DM,Y15B02P24,Y15DM,15B02P24DMOS46
Y15B02P24LM,Y15B02P24LM,live_bryos,Y15,B02,P24,B02P24,B02P24LM,Y15B02P24,Y15LM,15B02P24LMOS116
Y15B02P24WD,Y15B02P24WD,inner_bark,Y15,B02,P24,B02P24,B02P24WD,Y15B02P24,Y15WD,15B02P24MSCS37
Y15B02P25BK,Y15B02P25BK,outer_bark,Y15,B02,P25,B02P25,B02P25BK,Y15B02P25,Y15BK,15B02P25BRKS101
Y15B02P25DM,Y15B02P25DM,dead_bryos,Y15,B02,P25,B02P25,B02P25DM,Y15B02P25,Y15DM,15B02P25DMOS47
Y15B02P25LM,Y15B02P25LM,live_bryos,Y15,B02,P25,B02P25,B02P25LM,Y15B02P25,Y15LM,15B02P25LMOS115
Y15B02P26BK,Y15B02P26BK,outer_bark,Y15,B02,P26,B02P26,B02P26BK,Y15B02P26,Y15BK,15B02P26BRKS102
Y15B02P26DM,Y15B02P26DM,dead_bryos,Y15,B02,P26,B02P26,B02P26DM,Y15B02P26,Y15DM,15B02P26DMOS48
Y15B02P26LM,Y15B02P26LM,live_bryos,Y15,B02,P26,B02P26,B02P26LM,Y15B02P26,Y15LM,15B02P26LMOS114
Y15B02P27BK,Y15B02P27BK,outer_bark,Y15,B02,P27,B02P27,B02P27BK,Y15B02P27,Y15BK,15B02P27BRKS103
Y15B02P27LM,Y15B02P27LM,live_bryos,Y15,B02,P27,B02P27,B02P27LM,Y15B02P27,Y15LM,15B02P27LMOS113
Y15B03P01BK,Y15B03P01BK,outer_bark,Y15,B03,P01,B03P01,B03P01BK,Y15B03P01,Y15BK,15B03P01BRKS104
Y15B03P01DM,Y15B03P01DM,dead_bryos,Y15,B03,P01,B03P01,B03P01DM,Y15B03P01,Y15DM,15B03P01DMOS52
Y15B03P01LM,Y15B03P01LM,live_bryos,Y15,B03,P01,B03P01,B03P01LM,Y15B03P01,Y15LM,15B03P01LMOS112
Y15B03P02BK,Y15B03P02BK,outer_bark,Y15,B03,P02,B03P02,B03P02BK,Y15B03P02,Y15BK,15B03P02BRKS105
Y15B03P02DM,Y15B03P02DM,dead_bryos,Y15,B03,P02,B03P02,B03P02DM,Y15B03P02,Y15DM,15B03P02DMOS53
Y15B03P02LM,Y15B03P02LM,live_bryos,Y15,B03,P02,B03P02,B03P02LM,Y15B03P02,Y15LM,15B03P02LMOS111
Y15B03P03BK,Y15B03P03BK,outer_bark,Y15,B03,P03,B03P03,B03P03BK,Y15B03P03,Y15BK,15B03P03BRKS106
Y15B03P03DM,Y15B03P03DM,dead_bryos,Y15,B03,P03,B03P03,B03P03DM,Y15B03P03,Y15DM,15B03P03DMOS54
Y15B03P04BK,Y15B03P04BK,outer_bark,Y15,B03,P04,B03P04,B03P04BK,Y15B03P04,Y15BK,15B03P04BRKS107
Y15B03P04DM,Y15B03P04DM,dead_bryos,Y15,B03,P04,B03P04,B03P04DM,Y15B03P04,Y15DM,15B03P04DMOS55
Y15B03P04LM,Y15B03P04LM,live_bryos,Y15,B03,P04,B03P04,B03P04LM,Y15B03P04,Y15LM,15B03P04LMOS110
Y15B03P08BK,Y15B03P08BK,outer_bark,Y15,B03,P08,B03P08,B03P08BK,Y15B03P08,Y15BK,15B03P08BRKS111
Y15B03P08LM,Y15B03P08LM,live_bryos,Y15,B03,P08,B03P08,B03P08LM,Y15B03P08,Y15LM,15B03P08LMOS107
Y15B03P13BK,Y15B03P13BK,outer_bark,Y15,B03,P13,B03P13,B03P13BK,Y15B03P13,Y15BK,15B03P13BRKS116
Y15B03P13LM,Y15B03P13LM,live_bryos,Y15,B03,P13,B03P13,B03P13LM,Y15B03P13,Y15LM,15B03P13LMOS102
Y15B03P13WD,Y15B03P13WD,inner_bark,Y15,B03,P13,B03P13,B03P13WD,Y15B03P13,Y15WD,15B03P13MSCS53
Y15B03P14BK,Y15B03P14BK,outer_bark,Y15,B03,P14,B03P14,B03P14BK,Y15B03P14,Y15BK,15B03P14BRKS117
Y15B03P14DM,Y15B03P14DM,dead_bryos,Y15,B03,P14,B03P14,B03P14DM,Y15B03P14,Y15DM,15B03P14DMOS62
Y15B03P14LM,Y15B03P14LM,live_bryos,Y15,B03,P14,B03P14,B03P14LM,Y15B03P14,Y15LM,15B03P14LMOS101
Y15B03P15BK,Y15B03P15BK,outer_bark,Y15,B03,P15,B03P15,B03P15BK,Y15B03P15,Y15BK,15B03P15BRKS118
Y15B03P15DM,Y15B03P15DM,dead_bryos,Y15,B03,P15,B03P15,B03P15DM,Y15B03P15,Y15DM,15B03P15DMOS63
Y15B03P16BK,Y15B03P16BK,outer_bark,Y15,B03,P16,B03P16,B03P16BK,Y15B03P16,Y15BK,15B03P16BRKS119
Y15B03P20BK,Y15B03P20BK,outer_bark,Y15,B03,P20,B03P20,B03P20BK,Y15B03P20,Y15BK,15B03P20BRKS123
Y15B03P20DM,Y15B03P20DM,dead_bryos,Y15,B03,P20,B03P20,B03P20DM,Y15B03P20,Y15DM,15B03P20DMOS68
Y15B03P24BK,Y15B03P24BK,outer_bark,Y15,B03,P24,B03P24,B03P24BK,Y15B03P24,Y15BK,15B03P24BRKS127
Y15B03P24DM,Y15B03P24DM,dead_bryos,Y15,B03,P24,B03P24,B03P24DM,Y15B03P24,Y15DM,15B03P24DMOS72
Y15B03P24LM,Y15B03P24LM,live_bryos,Y15,B03,P24,B03P24,B03P24LM,Y15B03P24,Y15LM,15B03P24LMOS98
Y15B03P25BK,Y15B03P25BK,outer_bark,Y15,B03,P25,B03P25,B03P25BK,Y15B03P25,Y15BK,15B03P25BRKS128
Y15B03P25DM,Y15B03P25DM,dead_bryos,Y15,B03,P25,B03P25,B03P25DM,Y15B03P25,Y15DM,15B03P25DMOS49
Y15B03P25LM,Y15B03P25LM,live_bryos,Y15,B03,P25,B03P25,B03P25LM,Y15B03P25,Y15LM,15B03P25LMOS141
Y15B03P26BK,Y15B03P26BK,outer_bark,Y15,B03,P26,B03P26,B03P26BK,Y15B03P26,Y15BK,15B03P26BRKS129
Y15B03P26DM,Y15B03P26DM,dead_bryos,Y15,B03,P26,B03P26,B03P26DM,Y15B03P26,Y15DM,15B03P26DMOS50
Y15B03P26LM,Y15B03P26LM,live_bryos,Y15,B03,P26,B03P26,B03P26LM,Y15B03P26,Y15LM,15B03P26LMOS1
Y15B03P27BK,Y15B03P27BK,outer_bark,Y15,B03,P27,B03P27,B03P27BK,Y15B03P27,Y15BK,15B03P27BRKS130
Y15B03P27DM,Y15B03P27DM,dead_bryos,Y15,B03,P27,B03P27,B03P27DM,Y15B03P27,Y15DM,15B03P27DMOS51
Y15B03P27LM,Y15B03P27LM,live_bryos,Y15,B03,P27,B03P27,B03P27LM,Y15B03P27,Y15LM,15B03P27LMOS2
Y15B04P01BK,Y15B04P01BK,outer_bark,Y15,B04,P01,B04P01,B04P01BK,Y15B04P01,Y15BK,15B04P01BRKS131
Y15B04P01DM,Y15B04P01DM,dead_bryos,Y15,B04,P01,B04P01,B04P01DM,Y15B04P01,Y15DM,15B04P01DMOS73
Y15B04P01LM,Y15B04P01LM,live_bryos,Y15,B04,P01,B04P01,B04P01LM,Y15B04P01,Y15LM,15B04P01LMOS3
Y15B04P01WD,Y15B04P01WD,inner_bark,Y15,B04,P01,B04P01,B04P01WD,Y15B04P01,Y15WD,15B04P01MSCS68
Y15B04P02BK,Y15B04P02BK,outer_bark,Y15,B04,P02,B04P02,B04P02BK,Y15B04P02,Y15BK,15B04P02BRKS132
Y15B04P02DM,Y15B04P02DM,dead_bryos,Y15,B04,P02,B04P02,B04P02DM,Y15B04P02,Y15DM,15B04P02DMOS74
Y15B04P02LM,Y15B04P02LM,live_bryos,Y15,B04,P02,B04P02,B04P02LM,Y15B04P02,Y15LM,15B04P02LMOS4
Y15B04P03BK,Y15B04P03BK,outer_bark,Y15,B04,P03,B04P03,B04P03BK,Y15B04P03,Y15BK,15B04P03BRKS133
Y15B04P03DM,Y15B04P03DM,dead_bryos,Y15,B04,P03,B04P03,B04P03DM,Y15B04P03,Y15DM,15B04P03DMOS75
Y15B04P03LM,Y15B04P03LM,live_bryos,Y15,B04,P03,B04P03,B04P03LM,Y15B04P03,Y15LM,15B04P03LMOS5
Y15B04P04BK,Y15B04P04BK,outer_bark,Y15,B04,P04,B04P04,B04P04BK,Y15B04P04,Y15BK,15B04P04BRKS134
Y15B04P04DM,Y15B04P04DM,dead_bryos,Y15,B04,P04,B04P04,B04P04DM,Y15B04P04,Y15DM,15B04P04DMOS139
Y15B04P04LM,Y15B04P04LM,live_bryos,Y15,B04,P04,B04P04,B04P04LM,Y15B04P04,Y15LM,15B04P04LMOS6
Y15B04P08BK,Y15B04P08BK,outer_bark,Y15,B04,P08,B04P08,B04P08BK,Y15B04P08,Y15BK,15B04P08BRKS138
Y15B04P08LM,Y15B04P08LM,live_bryos,Y15,B04,P08,B04P08,B04P08LM,Y15B04P08,Y15LM,15B04P08LMOS10
Y15B04P13BK,Y15B04P13BK,outer_bark,Y15,B04,P13,B04P13,B04P13BK,Y15B04P13,Y15BK,15B04P13BRKS143
Y15B04P13DM,Y15B04P13DM,dead_bryos,Y15,B04,P13,B04P13,B04P13DM,Y15B04P13,Y15DM,15B04P13DMOS191
Y15B04P13LM,Y15B04P13LM,live_bryos,Y15,B04,P13,B04P13,B04P13LM,Y15B04P13,Y15LM,15B04P13LMOS15
Y15B04P14BK,Y15B04P14BK,outer_bark,Y15,B04,P14,B04P14,B04P14BK,Y15B04P14,Y15BK,15B04P14BRKS144
Y15B04P15BK,Y15B04P15BK,outer_bark,Y15,B04,P15,B04P15,B04P15BK,Y15B04P15,Y15BK,15B04P15BRKS145
Y15B04P15DM,Y15B04P15DM,dead_bryos,Y15,B04,P15,B04P15,B04P15DM,Y15B04P15,Y15DM,15B04P15DMOS84
Y15B04P15WD,Y15B04P15WD,inner_bark,Y15,B04,P15,B04P15,B04P15WD,Y15B04P15,Y15WD,15B04P15MSCS82
Y15B04P20BK,Y15B04P20BK,outer_bark,Y15,B04,P20,B04P20,B04P20BK,Y15B04P20,Y15BK,15B04P20BRKS150
Y15B04P20DM,Y15B04P20DM,dead_bryos,Y15,B04,P20,B04P20,B04P20DM,Y15B04P20,Y15DM,15B04P20DMOS89
Y15B04P20LM,Y15B04P20LM,live_bryos,Y15,B04,P20,B04P20,B04P20LM,Y15B04P20,Y15LM,15B04P20LMOS20
Y15B04P24BK,Y15B04P24BK,outer_bark,Y15,B04,P24,B04P24,B04P24BK,Y15B04P24,Y15BK,15B04P24BRKS154
Y15B04P24DM,Y15B04P24DM,dead_bryos,Y15,B04,P24,B04P24,B04P24DM,Y15B04P24,Y15DM,15B04P24DMOS93
Y15B04P25BK,Y15B04P25BK,outer_bark,Y15,B04,P25,B04P25,B04P25BK,Y15B04P25,Y15BK,15B04P25BRKS155
Y15B04P25DM,Y15B04P25DM,dead_bryos,Y15,B04,P25,B04P25,B04P25DM,Y15B04P25,Y15DM,15B04P25DMOS94
Y15B04P25LM,Y15B04P25LM,live_bryos,Y15,B04,P25,B04P25,B04P25LM,Y15B04P25,Y15LM,15B04P25LMOS25
Y15B04P26BK,Y15B04P26BK,outer_bark,Y15,B04,P26,B04P26,B04P26BK,Y15B04P26,Y15BK,15B04P26BRKS156
Y15B04P26DM,Y15B04P26DM,dead_bryos,Y15,B04,P26,B04P26,B04P26DM,Y15B04P26,Y15DM,15B04P26DMOS95
Y15B04P27BK,Y15B04P27BK,outer_bark,Y15,B04,P27,B04P27,B04P27BK,Y15B04P27,Y15BK,15B04P27BRKS157
Y15B04P27DM,Y15B04P27DM,dead_bryos,Y15,B04,P27,B04P27,B04P27DM,Y15B04P27,Y15DM,15B04P27DMOS96
Y15B04P27LM,Y15B04P27LM,live_bryos,Y15,B04,P27,B04P27,B04P27LM,Y15B04P27,Y15LM,15B04P27LMOS27
Y15B05P01BK,Y15B05P01BK,outer_bark,Y15,B05,P01,B05P01,B05P01BK,Y15B05P01,Y15BK,15B05P01BRKS158
Y15B05P01DM,Y15B05P01DM,dead_bryos,Y15,B05,P01,B05P01,B05P01DM,Y15B05P01,Y15DM,15B05P01DMOS190
Y15B05P02BK,Y15B05P02BK,outer_bark,Y15,B05,P02,B05P02,B05P02BK,Y15B05P02,Y15BK,15B05P02BRKS159
Y15B05P02DM,Y15B05P02DM,dead_bryos,Y15,B05,P02,B05P02,B05P02DM,Y15B05P02,Y15DM,15B05P02DMOS189
Y15B05P02LM,Y15B05P02LM,live_bryos,Y15,B05,P02,B05P02,B05P02LM,Y15B05P02,Y15LM,15B05P02LMOS28
Y15B05P02WD,Y15B05P02WD,inner_bark,Y15,B05,P02,B05P02,B05P02WD,Y15B05P02,Y15WD,15B05P02MSCS96
Y15B05P03BK,Y15B05P03BK,outer_bark,Y15,B05,P03,B05P03,B05P03BK,Y15B05P03,Y15BK,15B05P03BRKS160
Y15B05P03DM,Y15B05P03DM,dead_bryos,Y15,B05,P03,B05P03,B05P03DM,Y15B05P03,Y15DM,15B05P03DMOS188
Y15B05P03LM,Y15B05P03LM,live_bryos,Y15,B05,P03,B05P03,B05P03LM,Y15B05P03,Y15LM,15B05P03LMOS29
Y15B05P03WD,Y15B05P03WD,inner_bark,Y15,B05,P03,B05P03,B05P03WD,Y15B05P03,Y15WD,15B05P03MSCS97
Y15B05P04BK,Y15B05P04BK,outer_bark,Y15,B05,P04,B05P04,B05P04BK,Y15B05P04,Y15BK,15B05P04BRKS161
Y15B05P04DM,Y15B05P04DM,dead_bryos,Y15,B05,P04,B05P04,B05P04DM,Y15B05P04,Y15DM,15B05P04DMOS187
Y15B05P04LM,Y15B05P04LM,live_bryos,Y15,B05,P04,B05P04,B05P04LM,Y15B05P04,Y15LM,15B05P04LMOS30
Y15B05P08BK,Y15B05P08BK,outer_bark,Y15,B05,P08,B05P08,B05P08BK,Y15B05P08,Y15BK,15B05P08BRKS164
Y15B05P08DM,Y15B05P08DM,dead_bryos,Y15,B05,P08,B05P08,B05P08DM,Y15B05P08,Y15DM,15B05P08DMOS183
Y15B05P08LM,Y15B05P08LM,live_bryos,Y15,B05,P08,B05P08,B05P08LM,Y15B05P08,Y15LM,15B05P08LMOS32
Y15B05P13BK,Y15B05P13BK,outer_bark,Y15,B05,P13,B05P13,B05P13BK,Y15B05P13,Y15BK,15B05P30BRKS182
Y15B05P13DM,Y15B05P13DM,dead_bryos,Y15,B05,P13,B05P13,B05P13DM,Y15B05P13,Y15DM,15B05P13DMOS178
Y15B05P13LM,Y15B05P13LM,live_bryos,Y15,B05,P13,B05P13,B05P13LM,Y15B05P13,Y15LM,15B05P13LMOS35
Y15B05P14BK,Y15B05P14BK,outer_bark,Y15,B05,P14,B05P14,B05P14BK,Y15B05P14,Y15BK,15B05P14BRKS169
Y15B05P14DM,Y15B05P14DM,dead_bryos,Y15,B05,P14,B05P14,B05P14DM,Y15B05P14,Y15DM,15B05P14DMOS177
Y15B05P14LM,Y15B05P14LM,live_bryos,Y15,B05,P14,B05P14,B05P14LM,Y15B05P14,Y15LM,15B05P14LMOS36
Y15B05P15BK,Y15B05P15BK,outer_bark,Y15,B05,P15,B05P15,B05P15BK,Y15B05P15,Y15BK,15B05P15BRKS170
Y15B05P15DM,Y15B05P15DM,dead_bryos,Y15,B05,P15,B05P15,B05P15DM,Y15B05P15,Y15DM,15B05P15DMOS176
Y15B05P15LM,Y15B05P15LM,live_bryos,Y15,B05,P15,B05P15,B05P15LM,Y15B05P15,Y15LM,15B05P15LMOS37
Y15B05P20BK,Y15B05P20BK,outer_bark,Y15,B05,P20,B05P20,B05P20BK,Y15B05P20,Y15BK,15B05P20BRKS175
Y15B05P20DM,Y15B05P20DM,dead_bryos,Y15,B05,P20,B05P20,B05P20DM,Y15B05P20,Y15DM,15B05P20DMOS171
Y15B05P24BK,Y15B05P24BK,outer_bark,Y15,B05,P24,B05P24,B05P24BK,Y15B05P24,Y15BK,15B05P24BRKS178
Y15B05P24DM,Y15B05P24DM,dead_bryos,Y15,B05,P24,B05P24,B05P24DM,Y15B05P24,Y15DM,15B05P24DMOS167
Y15B05P24LM,Y15B05P24LM,live_bryos,Y15,B05,P24,B05P24,B05P24LM,Y15B05P24,Y15LM,15B05P24LMOS44
Y15B05P25BK,Y15B05P25BK,outer_bark,Y15,B05,P25,B05P25,B05P25BK,Y15B05P25,Y15BK,15B05P25BRKS179
Y15B05P25DM,Y15B05P25DM,dead_bryos,Y15,B05,P25,B05P25,B05P25DM,Y15B05P25,Y15DM,15B05P25DMOS166
Y15B05P25LM,Y15B05P25LM,live_bryos,Y15,B05,P25,B05P25,B05P25LM,Y15B05P25,Y15LM,15B05P25LMOS45
Y15B05P25WD,Y15B05P25WD,inner_bark,Y15,B05,P25,B05P25,B05P25WD,Y15B05P25,Y15WD,15B05P25MSCS113
Y15B05P26BK,Y15B05P26BK,outer_bark,Y15,B05,P26,B05P26,B05P26BK,Y15B05P26,Y15BK,15B05P26BRKS180
Y15B05P26DM,Y15B05P26DM,dead_bryos,Y15,B05,P26,B05P26,B05P26DM,Y15B05P26,Y15DM,15B05P26DMOS165
Y15B05P26LM,Y15B05P26LM,live_bryos,Y15,B05,P26,B05P26,B05P26LM,Y15B05P26,Y15LM,15B05P26LMOS46
Y15B05P27DM,Y15B05P27DM,dead_bryos,Y15,B05,P27,B05P27,B05P27DM,Y15B05P27,Y15DM,15B05P27DMOS164
Y15B05P27LM,Y15B05P27LM,live_bryos,Y15,B05,P27,B05P27,B05P27LM,Y15B05P27,Y15LM,15B05P27LMOS47
Y15B05P27WD,Y15B05P27WD,inner_bark,Y15,B05,P27,B05P27,B05P27WD,Y15B05P27,Y15WD,15B05P27MSCS121
Y16B01P01BK,Y16B01P01BK,outer_bark,Y16,B01,P01,B01P01,B01P01BK,Y16B01P01,Y16BK,Y16B1P1BRKS87
Y16B01P01DM,Y16B01P01DM,dead_bryos,Y16,B01,P01,B01P01,B01P01DM,Y16B01P01,Y16DM,Y16B1P1DMS93
Y16B01P01LM,Y16B01P01LM,live_bryos,Y16,B01,P01,B01P01,B01P01LM,Y16B01P01,Y16LM,Y16B1P1LMS136
Y16B01P02BK,Y16B01P02BK,outer_bark,Y16,B01,P02,B01P02,B01P02BK,Y16B01P02,Y16BK,Y16B1P2BRKS7
Y16B01P02DM,Y16B01P02DM,dead_bryos,Y16,B01,P02,B01P02,B01P02DM,Y16B01P02,Y16DM,Y16B1P2DMS103
Y16B01P02LM,Y16B01P02LM,live_bryos,Y16,B01,P02,B01P02,B01P02LM,Y16B01P02,Y16LM,Y16B1P2LMS146
Y16B01P03BK,Y16B01P03BK,outer_bark,Y16,B01,P03,B01P03,B01P03BK,Y16B01P03,Y16BK,Y16B1P3BRKS19
Y16B01P03DM,Y16B01P03DM,dead_bryos,Y16,B01,P03,B01P03,B01P03DM,Y16B01P03,Y16DM,Y16B1P3DMS113
Y16B01P03LM,Y16B01P03LM,live_bryos,Y16,B01,P03,B01P03,B01P03LM,Y16B01P03,Y16LM,Y16B1P3LMS156
Y16B01P03WD,Y16B01P03WD,inner_bark,Y16,B01,P03,B01P03,B01P03WD,Y16B01P03,Y16WD,Y16B1P3WDS24
Y16B01P04BK,Y16B01P04BK,outer_bark,Y16,B01,P04,B01P04,B01P04BK,Y16B01P04,Y16BK,Y16B1P4BRKS30
Y16B01P04DM,Y16B01P04DM,dead_bryos,Y16,B01,P04,B01P04,B01P04DM,Y16B01P04,Y16DM,Y16B1P4DMS132
Y16B01P08BK,Y16B01P08BK,outer_bark,Y16,B01,P08,B01P08,B01P08BK,Y16B01P08,Y16BK,Y16B1P8BRKS42
Y16B01P08DM,Y16B01P08DM,dead_bryos,Y16,B01,P08,B01P08,B01P08DM,Y16B01P08,Y16DM,Y16B1P8DMS123
Y16B01P08LM,Y16B01P08LM,live_bryos,Y16,B01,P08,B01P08,B01P08LM,Y16B01P08,Y16LM,Y16B1P8LMS166
Y16B01P13BK,Y16B01P13BK,outer_bark,Y16,B01,P13,B01P13,B01P13BK,Y16B01P13,Y16BK,Y16B1P13BRKS53
Y16B01P13DM,Y16B01P13DM,dead_bryos,Y16,B01,P13,B01P13,B01P13DM,Y16B01P13,Y16DM,Y16B1P13DMS141
Y16B01P13LM,Y16B01P13LM,live_bryos,Y16,B01,P13,B01P13,B01P13LM,Y16B01P13,Y16LM,Y16B1P13LMS99
Y16B01P14BK,Y16B01P14BK,outer_bark,Y16,B01,P14,B01P14,B01P14BK,Y16B01P14,Y16BK,Y16B1P14BRKS65
Y16B01P14DM,Y16B01P14DM,dead_bryos,Y16,B01,P14,B01P14,B01P14DM,Y16B01P14,Y16DM,Y16B1P14DMS151
Y16B01P14LM,Y16B01P14LM,live_bryos,Y16,B01,P14,B01P14,B01P14LM,Y16B01P14,Y16LM,Y16B1P14LMS109
Y16B01P15BK,Y16B01P15BK,outer_bark,Y16,B01,P15,B01P15,B01P15BK,Y16B01P15,Y16BK,Y16B1P15BRKS77
Y16B01P15DM,Y16B01P15DM,dead_bryos,Y16,B01,P15,B01P15,B01P15DM,Y16B01P15,Y16DM,Y16B1P15DMS161
Y16B01P15LM,Y16B01P15LM,live_bryos,Y16,B01,P15,B01P15,B01P15LM,Y16B01P15,Y16LM,Y16B1P15LMS119
Y16B01P15WD,Y16B01P15WD,inner_bark,Y16,B01,P15,B01P15,B01P15WD,Y16B01P15,Y16WD,Y16B1P15WDS82
Y16B03P01BK,Y16B03P01BK,outer_bark,Y16,B03,P01,B03P01,B03P01BK,Y16B03P01,Y16BK,Y16B3P1BRKS88
Y16B03P01DM,Y16B03P01DM,dead_bryos,Y16,B03,P01,B03P01,B03P01DM,Y16B03P01,Y16DM,Y16B3P1DMS94
Y16B03P01LM,Y16B03P01LM,live_bryos,Y16,B03,P01,B03P01,B03P01LM,Y16B03P01,Y16LM,Y16B3P1LMS128
Y16B03P02BK,Y16B03P02BK,outer_bark,Y16,B03,P02,B03P02,B03P02BK,Y16B03P02,Y16BK,Y16B3P2BRKS8
Y16B03P02DM,Y16B03P02DM,dead_bryos,Y16,B03,P02,B03P02,B03P02DM,Y16B03P02,Y16DM,Y16B3P2DMS104
Y16B03P03WD,Y16B03P03WD,inner_bark,Y16,B03,P03,B03P03,B03P03WD,Y16B03P03,Y16WD,Y16B3P3WDS25
Y16B03P08DM,Y16B03P08DM,dead_bryos,Y16,B03,P08,B03P08,B03P08DM,Y16B03P08,Y16DM,Y16B3P8DMS114
Y16B03P08LM,Y16B03P08LM,live_bryos,Y16,B03,P08,B03P08,B03P08LM,Y16B03P08,Y16LM,Y16B3P8LMS137
Y16B03P13BK,Y16B03P13BK,outer_bark,Y16,B03,P13,B03P13,B03P13BK,Y16B03P13,Y16BK,Y16B3P13BRKS54
Y16B03P13DM,Y16B03P13DM,dead_bryos,Y16,B03,P13,B03P13,B03P13DM,Y16B03P13,Y16DM,Y16B3P13DMS124
Y16B03P13LM,Y16B03P13LM,live_bryos,Y16,B03,P13,B03P13,B03P13LM,Y16B03P13,Y16LM,Y16B3P13LMS147
Y16B03P14BK,Y16B03P14BK,outer_bark,Y16,B03,P14,B03P14,B03P14BK,Y16B03P14,Y16BK,Y16B3P14BRKS66
Y16B03P14DM,Y16B03P14DM,dead_bryos,Y16,B03,P14,B03P14,B03P14DM,Y16B03P14,Y16DM,Y16B3P14DMS133
Y16B03P14LM,Y16B03P14LM,live_bryos,Y16,B03,P14,B03P14,B03P14LM,Y16B03P14,Y16LM,Y16B3P14LMS157
Y16B03P15BK,Y16B03P15BK,outer_bark,Y16,B03,P15,B03P15,B03P15BK,Y16B03P15,Y16BK,Y16B3P15BRKS78
Y16B03P15DM,Y16B03P15DM,dead_bryos,Y16,B03,P15,B03P15,B03P15DM,Y16B03P15,Y16DM,Y16B3P15DMS142
Y16B03P15LM,Y16B03P15LM,live_bryos,Y16,B03,P15,B03P15,B03P15LM,Y16B03P15,Y16LM,Y16B3P15LMS167
Y16B03P15WD,Y16B03P15WD,inner_bark,Y16,B03,P15,B03P15,B03P15WD,Y16B03P15,Y16WD,Y16B3P15WDS83
Y16B03P20BK,Y16B03P20BK,outer_bark,Y16,B03,P20,B03P20,B03P20BK,Y16B03P20,Y16BK,Y16B3P20BRKS89
Y16B03P20DM,Y16B03P20DM,dead_bryos,Y16,B03,P20,B03P20,B03P20DM,Y16B03P20,Y16DM,Y16B3P20DMS152
Y16B03P20LM,Y16B03P20LM,live_bryos,Y16,B03,P20,B03P20,B03P20LM,Y16B03P20,Y16LM,Y16B3P20LMS100
Y16B03P24BK,Y16B03P24BK,outer_bark,Y16,B03,P24,B03P24,B03P24BK,Y16B03P24,Y16BK,Y16B3P24BRKS9
Y16B03P24DM,Y16B03P24DM,dead_bryos,Y16,B03,P24,B03P24,B03P24DM,Y16B03P24,Y16DM,Y16B3P24DMS162
Y16B03P24LM,Y16B03P24LM,live_bryos,Y16,B03,P24,B03P24,B03P24LM,Y16B03P24,Y16LM,Y16B3P24LMS110
Y16B03P24WD,Y16B03P24WD,inner_bark,Y16,B03,P24,B03P24,B03P24WD,Y16B03P24,Y16WD,Y16B3P24WDS15
Y16B03P25BK,Y16B03P25BK,outer_bark,Y16,B03,P25,B03P25,B03P25BK,Y16B03P25,Y16BK,Y16B3P25BRKS21
Y16B03P25LM,Y16B03P25LM,live_bryos,Y16,B03,P25,B03P25,B03P25LM,Y16B03P25,Y16LM,Y16B3P25LMS120
Y16B03P26BK,Y16B03P26BK,outer_bark,Y16,B03,P26,B03P26,B03P26BK,Y16B03P26,Y16BK,Y16B3P26BRKS32
Y16B03P26DM,Y16B03P26DM,dead_bryos,Y16,B03,P26,B03P26,B03P26DM,Y16B03P26,Y16DM,Y16B3P26DMS95
Y16B03P26LM,Y16B03P26LM,live_bryos,Y16,B03,P26,B03P26,B03P26LM,Y16B03P26,Y16LM,Y16B3P26LMS129
Y16B03P27BK,Y16B03P27BK,outer_bark,Y16,B03,P27,B03P27,B03P27BK,Y16B03P27,Y16BK,Y16B3P27BRKS43
Y16B03P27DM,Y16B03P27DM,dead_bryos,Y16,B03,P27,B03P27,B03P27DM,Y16B03P27,Y16DM,Y16B3P27DMS105
Y16B03P27LM,Y16B03P27LM,live_bryos,Y16,B03,P27,B03P27,B03P27LM,Y16B03P27,Y16LM,Y16B3P27LMS138
Y16B03P27WD,Y16B03P27WD,inner_bark,Y16,B03,P27,B03P27,B03P27WD,Y16B03P27,Y16WD,Y16B3P27WDS49
Y16B04P01BK,Y16B04P01BK,outer_bark,Y16,B04,P01,B04P01,B04P01BK,Y16B04P01,Y16BK,Y16B4P1BRKS55
Y16B04P01DM,Y16B04P01DM,dead_bryos,Y16,B04,P01,B04P01,B04P01DM,Y16B04P01,Y16DM,Y16B4P1DMS115
Y16B04P02BK,Y16B04P02BK,outer_bark,Y16,B04,P02,B04P02,B04P02BK,Y16B04P02,Y16BK,Y16B4P2BRKS67
Y16B04P02LM,Y16B04P02LM,live_bryos,Y16,B04,P02,B04P02,B04P02LM,Y16B04P02,Y16LM,Y16B4P2LMS148
Y16B04P03BK,Y16B04P03BK,outer_bark,Y16,B04,P03,B04P03,B04P03BK,Y16B04P03,Y16BK,Y16B4P3BRKS79
Y16B04P03LM,Y16B04P03LM,live_bryos,Y16,B04,P03,B04P03,B04P03LM,Y16B04P03,Y16LM,Y16B4P3LMS158
Y16B04P03WD,Y16B04P03WD,inner_bark,Y16,B04,P03,B04P03,B04P03WD,Y16B04P03,Y16WD,Y16B4P3WDS84
Y16B04P04BK,Y16B04P04BK,outer_bark,Y16,B04,P04,B04P04,B04P04BK,Y16B04P04,Y16BK,Y16B4P4BRKS90
Y16B04P04DM,Y16B04P04DM,dead_bryos,Y16,B04,P04,B04P04,B04P04DM,Y16B04P04,Y16DM,Y16B4P4DMS143
Y16B04P04LM,Y16B04P04LM,live_bryos,Y16,B04,P04,B04P04,B04P04LM,Y16B04P04,Y16LM,Y16B4P4LMS168
Y16B04P08BK,Y16B04P08BK,outer_bark,Y16,B04,P08,B04P08,B04P08BK,Y16B04P08,Y16BK,Y16B4P8BRKS10
Y16B04P08DM,Y16B04P08DM,dead_bryos,Y16,B04,P08,B04P08,B04P08DM,Y16B04P08,Y16DM,Y16B4P8DMS153
Y16B04P08LM,Y16B04P08LM,live_bryos,Y16,B04,P08,B04P08,B04P08LM,Y16B04P08,Y16LM,Y16B4P8LMS101
Y16B04P13DM,Y16B04P13DM,dead_bryos,Y16,B04,P13,B04P13,B04P13DM,Y16B04P13,Y16DM,Y16B4P13DMS163
Y16B04P13LM,Y16B04P13LM,live_bryos,Y16,B04,P13,B04P13,B04P13LM,Y16B04P13,Y16LM,Y16B4P13LMS111
Y16B04P13WD,Y16B04P13WD,inner_bark,Y16,B04,P13,B04P13,B04P13WD,Y16B04P13,Y16WD,Y16B4P13WDS27
Y16B04P14BK,Y16B04P14BK,outer_bark,Y16,B04,P14,B04P14,B04P14BK,Y16B04P14,Y16BK,Y16B4P14BRKS33
Y16B04P14DM,Y16B04P14DM,dead_bryos,Y16,B04,P14,B04P14,B04P14DM,Y16B04P14,Y16DM,Y16B4P14DMS96
Y16B04P15BK,Y16B04P15BK,outer_bark,Y16,B04,P15,B04P15,B04P15BK,Y16B04P15,Y16BK,Y16B4P15BRKS44
Y16B04P20BK,Y16B04P20BK,outer_bark,Y16,B04,P20,B04P20,B04P20BK,Y16B04P20,Y16BK,Y16B4P20BRKS56
Y16B04P20DM,Y16B04P20DM,dead_bryos,Y16,B04,P20,B04P20,B04P20DM,Y16B04P20,Y16DM,Y16B4P20DMS106
Y16B04P20LM,Y16B04P20LM,live_bryos,Y16,B04,P20,B04P20,B04P20LM,Y16B04P20,Y16LM,Y16B4P20LMS121
Y16B04P20WD,Y16B04P20WD,inner_bark,Y16,B04,P20,B04P20,B04P20WD,Y16B04P20,Y16WD,Y16B4P20WDS62
Y16B04P24BK,Y16B04P24BK,outer_bark,Y16,B04,P24,B04P24,B04P24BK,Y16B04P24,Y16BK,Y16B4P24BRKS68
Y16B04P24DM,Y16B04P24DM,dead_bryos,Y16,B04,P24,B04P24,B04P24DM,Y16B04P24,Y16DM,Y16B4P24DMS116
Y16B04P24LM,Y16B04P24LM,live_bryos,Y16,B04,P24,B04P24,B04P24LM,Y16B04P24,Y16LM,Y16B4P24LMS130
Y16B04P25BK,Y16B04P25BK,outer_bark,Y16,B04,P25,B04P25,B04P25BK,Y16B04P25,Y16BK,Y16B4P25BRKS80
Y16B04P25DM,Y16B04P25DM,dead_bryos,Y16,B04,P25,B04P25,B04P25DM,Y16B04P25,Y16DM,Y16B4P25DMS125
Y16B04P25LM,Y16B04P25LM,live_bryos,Y16,B04,P25,B04P25,B04P25LM,Y16B04P25,Y16LM,Y16B4P25LMS139
Y16B04P25WD,Y16B04P25WD,inner_bark,Y16,B04,P25,B04P25,B04P25WD,Y16B04P25,Y16WD,Y16B4P25WDS85
Y16B04P26BK,Y16B04P26BK,outer_bark,Y16,B04,P26,B04P26,B04P26BK,Y16B04P26,Y16BK,Y16B4P26BRKS91
Y16B04P26DM,Y16B04P26DM,dead_bryos,Y16,B04,P26,B04P26,B04P26DM,Y16B04P26,Y16DM,Y16B4P26DMAS134
Y16B04P26LM,Y16B04P26LM,live_bryos,Y16,B04,P26,B04P26,B04P26LM,Y16B04P26,Y16LM,Y16B4P26LMBS159
Y16B05P01BK,Y16B05P01BK,outer_bark,Y16,B05,P01,B05P01,B05P01BK,Y16B05P01,Y16BK,Y16B5P1BRKS11
Y16B05P01DM,Y16B05P01DM,dead_bryos,Y16,B05,P01,B05P01,B05P01DM,Y16B05P01,Y16DM,Y16B5P1DMS154
Y16B05P01LM,Y16B05P01LM,live_bryos,Y16,B05,P01,B05P01,B05P01LM,Y16B05P01,Y16LM,Y16B5P1LMS169
Y16B05P01WD,Y16B05P01WD,inner_bark,Y16,B05,P01,B05P01,B05P01WD,Y16B05P01,Y16WD,Y16B5P1WDS17
Y16B05P02BK,Y16B05P02BK,outer_bark,Y16,B05,P02,B05P02,B05P02BK,Y16B05P02,Y16BK,Y16B5P2BRKS22
Y16B05P02DM,Y16B05P02DM,dead_bryos,Y16,B05,P02,B05P02,B05P02DM,Y16B05P02,Y16DM,Y16B5P2DMS164
Y16B05P02WD,Y16B05P02WD,inner_bark,Y16,B05,P02,B05P02,B05P02WD,Y16B05P02,Y16WD,Y16B5P2WDS28
Y16B05P03BK,Y16B05P03BK,outer_bark,Y16,B05,P03,B05P03,B05P03BK,Y16B05P03,Y16BK,Y16B5P3BRKS34
Y16B05P03DM,Y16B05P03DM,dead_bryos,Y16,B05,P03,B05P03,B05P03DM,Y16B05P03,Y16DM,Y16B5P3DMS97
Y16B05P03WD,Y16B05P03WD,inner_bark,Y16,B05,P03,B05P03,B05P03WD,Y16B05P03,Y16WD,Y16B5P3WDS40
Y16B05P04BK,Y16B05P04BK,outer_bark,Y16,B05,P04,B05P04,B05P04BK,Y16B05P04,Y16BK,Y16B5P4BRKS45
Y16B05P04DM,Y16B05P04DM,dead_bryos,Y16,B05,P04,B05P04,B05P04DM,Y16B05P04,Y16DM,Y16B5P4DMS107
Y16B05P04WD,Y16B05P04WD,inner_bark,Y16,B05,P04,B05P04,B05P04WD,Y16B05P04,Y16WD,Y16B5P4WDS51
Y16B05P08BK,Y16B05P08BK,outer_bark,Y16,B05,P08,B05P08,B05P08BK,Y16B05P08,Y16BK,Y16B5P8BRKS57
Y16B05P08DM,Y16B05P08DM,dead_bryos,Y16,B05,P08,B05P08,B05P08DM,Y16B05P08,Y16DM,Y16B5P8DMS117
Y16B05P13BK,Y16B05P13BK,outer_bark,Y16,B05,P13,B05P13,B05P13BK,Y16B05P13,Y16BK,Y16B5P13BRKS69
Y16B05P13DM,Y16B05P13DM,dead_bryos,Y16,B05,P13,B05P13,B05P13DM,Y16B05P13,Y16DM,Y16B5P13DMS126
Y16B05P13LM,Y16B05P13LM,live_bryos,Y16,B05,P13,B05P13,B05P13LM,Y16B05P13,Y16LM,Y16B5P13LMS102
Y16B05P13WD,Y16B05P13WD,inner_bark,Y16,B05,P13,B05P13,B05P13WD,Y16B05P13,Y16WD,Y16B5P13WDS75
Y16B05P14BK,Y16B05P14BK,outer_bark,Y16,B05,P14,B05P14,B05P14BK,Y16B05P14,Y16BK,Y16B5P14BRKS81
Y16B05P14DM,Y16B05P14DM,dead_bryos,Y16,B05,P14,B05P14,B05P14DM,Y16B05P14,Y16DM,Y16B5P14DMS135
Y16B05P14WD,Y16B05P14WD,inner_bark,Y16,B05,P14,B05P14,B05P14WD,Y16B05P14,Y16WD,Y16B5P14WDS86
Y16B05P15BK,Y16B05P15BK,outer_bark,Y16,B05,P15,B05P15,B05P15BK,Y16B05P15,Y16BK,Y16B5P15BRKS92
Y16B05P15DM,Y16B05P15DM,dead_bryos,Y16,B05,P15,B05P15,B05P15DM,Y16B05P15,Y16DM,Y16B5P15DMS145
Y16B05P15LM,Y16B05P15LM,live_bryos,Y16,B05,P15,B05P15,B05P15LM,Y16B05P15,Y16LM,Y16B5P15LMS112
Y16B05P20BK,Y16B05P20BK,outer_bark,Y16,B05,P20,B05P20,B05P20BK,Y16B05P20,Y16BK,Y16B5P20BRKS12
Y16B05P20DM,Y16B05P20DM,dead_bryos,Y16,B05,P20,B05P20,B05P20DM,Y16B05P20,Y16DM,Y16B5P20DMS155
Y16B05P20LM,Y16B05P20LM,live_bryos,Y16,B05,P20,B05P20,B05P20LM,Y16B05P20,Y16LM,Y16B5P20LMS122
Y16B05P24BK,Y16B05P24BK,outer_bark,Y16,B05,P24,B05P24,B05P24BK,Y16B05P24,Y16BK,Y16B5P24BRKS23
Y16B05P24DM,Y16B05P24DM,dead_bryos,Y16,B05,P24,B05P24,B05P24DM,Y16B05P24,Y16DM,Y16B5P24DMS165
Y16B05P25BK,Y16B05P25BK,outer_bark,Y16,B05,P25,B05P25,B05P25BK,Y16B05P25,Y16BK,Y16B5P25BRKS35
Y16B05P25DM,Y16B05P25DM,dead_bryos,Y16,B05,P25,B05P25,B05P25DM,Y16B05P25,Y16DM,Y16B5P25DMS98
Y16B05P25LM,Y16B05P25LM,live_bryos,Y16,B05,P25,B05P25,B05P25LM,Y16B05P25,Y16LM,Y16B5P25LMS131
Y16B05P26BK,Y16B05P26BK,outer_bark,Y16,B05,P26,B05P26,B05P26BK,Y16B05P26,Y16BK,Y16B5P26BRKAS46
Y16B05P26DM,Y16B05P26DM,dead_bryos,Y16,B05,P26,B05P26,B05P26DM,Y16B05P26,Y16DM,Y16B5P26DMBS118
Y16B05P26WD,Y16B05P26WD,inner_bark,Y16,B05,P26,B05P26,B05P26WD,Y16B05P26,Y16WD,Y16B5P26WDBS64
Y16B05P27BK,Y16B05P27BK,outer_bark,Y16,B05,P27,B05P27,B05P27BK,Y16B05P27,Y16BK,Y16B5P27BRKS70
Y16B05P27DM,Y16B05P27DM,dead_bryos,Y16,B05,P27,B05P27,B05P27DM,Y16B05P27,Y16DM,Y16B5P27DMS127
Y16B05P27LM,Y16B05P27LM,live_bryos,Y16,B05,P27,B05P27,B05P27LM,Y16B05P27,Y16LM,Y16B5P27LMS140
Y16B05P27WD,Y16B05P27WD,inner_bark,Y16,B05,P27,B05P27,B05P27WD,Y16B05P27,Y16WD,Y16B5P27WDS76
Y17B02P01BK,Y17B02P01BK,outer_bark,Y17,B02,P01,B02P01,B02P01BK,Y17B02P01,Y17BK,Y17B02P1BKS144
Y17B02P01DM,Y17B02P01DM,dead_bryos,Y17,B02,P01,B02P01,B02P01DM,Y17B02P01,Y17DM,Y17B02P1DMS96
Y17B02P01LM,Y17B02P01LM,live_bryos,Y17,B02,P01,B02P01,B02P01LM,Y17B02P01,Y17LM,Y17B02P1LMS84
Y17B02P01WD,Y17B02P01WD,inner_bark,Y17,B02,P01,B02P01,B02P01WD,Y17B02P01,Y17WD,Y17B02P1WDS132
Y17B02P02BK,Y17B02P02BK,outer_bark,Y17,B02,P02,B02P02,B02P02BK,Y17B02P02,Y17BK,Y17B02P2BKS109
Y17B02P02DM,Y17B02P02DM,dead_bryos,Y17,B02,P02,B02P02,B02P02DM,Y17B02P02,Y17DM,Y17B02P2DMS120
Y17B02P02LM,Y17B02P02LM,live_bryos,Y17,B02,P02,B02P02,B02P02LM,Y17B02P02,Y17LM,Y17B02P2LMS108
Y17B02P02WD,Y17B02P02WD,inner_bark,Y17,B02,P02,B02P02,B02P02WD,Y17B02P02,Y17WD,Y17B02P2WDS97
Y17B02P03BK,Y17B02P03BK,outer_bark,Y17,B02,P03,B02P03,B02P03BK,Y17B02P03,Y17BK,Y17B02P3BKS86
Y17B02P03LM,Y17B02P03LM,live_bryos,Y17,B02,P03,B02P03,B02P03LM,Y17B02P03,Y17LM,Y17B02P3LMS156
Y17B02P03WD,Y17B02P03WD,inner_bark,Y17,B02,P03,B02P03,B02P03WD,Y17B02P03,Y17WD,Y17B02P3WDS169
Y17B02P04BK,Y17B02P04BK,outer_bark,Y17,B02,P04,B02P04,B02P04BK,Y17B02P04,Y17BK,Y17B02P4BKS146
Y17B02P04DM,Y17B02P04DM,dead_bryos,Y17,B02,P04,B02P04,B02P04DM,Y17B02P04,Y17DM,Y17B02P4DMS85
Y17B02P04LM,Y17B02P04LM,live_bryos,Y17,B02,P04,B02P04,B02P04LM,Y17B02P04,Y17LM,Y17B02P4LMS168
Y17B02P04WD,Y17B02P04WD,inner_bark,Y17,B02,P04,B02P04,B02P04WD,Y17B02P04,Y17WD,Y17B02P4WDS134
Y17B02P08BK,Y17B02P08BK,outer_bark,Y17,B02,P08,B02P08,B02P08BK,Y17B02P08,Y17BK,Y17B02P8BKS123
Y17B02P08DM,Y17B02P08DM,dead_bryos,Y17,B02,P08,B02P08,B02P08DM,Y17B02P08,Y17DM,Y17B02P8DMS133
Y17B02P08LM,Y17B02P08LM,live_bryos,Y17,B02,P08,B02P08,B02P08LM,Y17B02P08,Y17LM,Y17B02P8LMS121
Y17B02P08WD,Y17B02P08WD,inner_bark,Y17,B02,P08,B02P08,B02P08WD,Y17B02P08,Y17WD,Y17B02P8WDS111
Y17B02P13BK,Y17B02P13BK,outer_bark,Y17,B02,P13,B02P13,B02P13BK,Y17B02P13,Y17BK,Y17B02P13BKS171
Y17B02P13DM,Y17B02P13DM,dead_bryos,Y17,B02,P13,B02P13,B02P13DM,Y17B02P13,Y17DM,Y17B02P13DMS157
Y17B02P13LM,Y17B02P13LM,live_bryos,Y17,B02,P13,B02P13,B02P13LM,Y17B02P13,Y17LM,Y17B02P13LMS145
Y17B02P13WD,Y17B02P13WD,inner_bark,Y17,B02,P13,B02P13,B02P13WD,Y17B02P13,Y17WD,Y17B02P13WDS159
Y17B02P14BK,Y17B02P14BK,outer_bark,Y17,B02,P14,B02P14,B02P14BK,Y17B02P14,Y17BK,Y17B02P14BKS124
Y17B02P14DM,Y17B02P14DM,dead_bryos,Y17,B02,P14,B02P14,B02P14DM,Y17B02P14,Y17DM,Y17B02P14DMS110
Y17B02P14LM,Y17B02P14LM,live_bryos,Y17,B02,P14,B02P14,B02P14LM,Y17B02P14,Y17LM,Y17B02P14LMS98
Y17B02P14WD,Y17B02P14WD,inner_bark,Y17,B02,P14,B02P14,B02P14WD,Y17B02P14,Y17WD,Y17B02P14WDS112
Y17B02P15BK,Y17B02P15BK,outer_bark,Y17,B02,P15,B02P15,B02P15BK,Y17B02P15,Y17BK,Y17B02P15BKS148
Y17B02P15DM,Y17B02P15DM,dead_bryos,Y17,B02,P15,B02P15,B02P15DM,Y17B02P15,Y17DM,Y17B02P15DMS122
Y17B02P15WD,Y17B02P15WD,inner_bark,Y17,B02,P15,B02P15,B02P15WD,Y17B02P15,Y17WD,Y17B02P15WDS136
Y17B02P20BK,Y17B02P20BK,outer_bark,Y17,B02,P20,B02P20,B02P20BK,Y17B02P20,Y17BK,Y17B02P20BKS172
Y17B02P20DM,Y17B02P20DM,dead_bryos,Y17,B02,P20,B02P20,B02P20DM,Y17B02P20,Y17DM,Y17B02P20DMS170
Y17B02P20LM,Y17B02P20LM,live_bryos,Y17,B02,P20,B02P20,B02P20LM,Y17B02P20,Y17LM,Y17B02P20LMS158
Y17B02P24BK,Y17B02P24BK,outer_bark,Y17,B02,P24,B02P24,B02P24BK,Y17B02P24,Y17BK,Y17B02P24BKS101
Y17B02P24DM,Y17B02P24DM,dead_bryos,Y17,B02,P24,B02P24,B02P24DM,Y17B02P24,Y17DM,Y17B02P24DMS147
Y17B02P24LM,Y17B02P24LM,live_bryos,Y17,B02,P24,B02P24,B02P24LM,Y17B02P24,Y17LM,Y17B02P24LMS135
Y17B02P24WD,Y17B02P24WD,inner_bark,Y17,B02,P24,B02P24,B02P24WD,Y17B02P24,Y17WD,Y17B02P24WDS89
Y17B02P25BK,Y17B02P25BK,outer_bark,Y17,B02,P25,B02P25,B02P25BK,Y17B02P25,Y17BK,Y17B02P25BKS125
Y17B02P25DM,Y17B02P25DM,dead_bryos,Y17,B02,P25,B02P25,B02P25DM,Y17B02P25,Y17DM,Y17B02P25DMS99
Y17B02P25LM,Y17B02P25LM,live_bryos,Y17,B02,P25,B02P25,B02P25LM,Y17B02P25,Y17LM,Y17B02P25LMS87
Y17B02P26BK,Y17B02P26BK,outer_bark,Y17,B02,P26,B02P26,B02P26BK,Y17B02P26,Y17BK,Y17B02P26BKS149
Y17B02P26DM,Y17B02P26DM,dead_bryos,Y17,B02,P26,B02P26,B02P26DM,Y17B02P26,Y17DM,Y17B02P26DMS100
Y17B02P26LM,Y17B02P26LM,live_bryos,Y17,B02,P26,B02P26,B02P26LM,Y17B02P26,Y17LM,Y17B02P26LMS88
Y17B02P26WD,Y17B02P26WD,inner_bark,Y17,B02,P26,B02P26,B02P26WD,Y17B02P26,Y17WD,Y17B02P26WDS137
Y17B02P27BK,Y17B02P27BK,outer_bark,Y17,B02,P27,B02P27,B02P27BK,Y17B02P27,Y17BK,Y17B02P27BKS173
Y17B02P27WD,Y17B02P27WD,inner_bark,Y17,B02,P27,B02P27,B02P27WD,Y17B02P27,Y17WD,Y17B02P27WDS161
Y17B03P01BK,Y17B03P01BK,outer_bark,Y17,B03,P01,B03P01,B03P01BK,Y17B03P01,Y17BK,Y17B03P1BKS258
Y17B03P01DM,Y17B03P01DM,dead_bryos,Y17,B03,P01,B03P01,B03P01DM,Y17B03P01,Y17DM,Y17B03P1DMS196
Y17B03P01LM,Y17B03P01LM,live_bryos,Y17,B03,P01,B03P01,B03P01LM,Y17B03P01,Y17LM,Y17B03P1LMS184
Y17B03P02BK,Y17B03P02BK,outer_bark,Y17,B03,P02,B03P02,B03P02BK,Y17B03P02,Y17BK,Y17B03P2BKS188
Y17B03P02DM,Y17B03P02DM,dead_bryos,Y17,B03,P02,B03P02,B03P02DM,Y17B03P02,Y17DM,Y17B03P2DMS220
Y17B03P02LM,Y17B03P02LM,live_bryos,Y17,B03,P02,B03P02,B03P02LM,Y17B03P02,Y17LM,Y17B03P2LMS208
Y17B03P03BK,Y17B03P03BK,outer_bark,Y17,B03,P03,B03P03,B03P03BK,Y17B03P03,Y17BK,Y17B03P3BKS270
Y17B03P03DM,Y17B03P03DM,dead_bryos,Y17,B03,P03,B03P03,B03P03DM,Y17B03P03,Y17DM,Y17B03P3DMS221
Y17B03P03LM,Y17B03P03LM,live_bryos,Y17,B03,P03,B03P03,B03P03LM,Y17B03P03,Y17LM,Y17B03P3LMS209
Y17B03P04BK,Y17B03P04BK,outer_bark,Y17,B03,P04,B03P04,B03P04BK,Y17B03P04,Y17BK,Y17B03P4BKS189
Y17B03P04DM,Y17B03P04DM,dead_bryos,Y17,B03,P04,B03P04,B03P04DM,Y17B03P04,Y17DM,Y17B03P4DMS266
Y17B03P04LM,Y17B03P04LM,live_bryos,Y17,B03,P04,B03P04,B03P04LM,Y17B03P04,Y17LM,Y17B03P4LMS255
Y17B03P08BK,Y17B03P08BK,outer_bark,Y17,B03,P08,B03P08,B03P08BK,Y17B03P08,Y17BK,Y17B03P8BKS260
Y17B03P08DM,Y17B03P08DM,dead_bryos,Y17,B03,P08,B03P08,B03P08DM,Y17B03P08,Y17DM,Y17B03P8DMS245
Y17B03P08LM,Y17B03P08LM,live_bryos,Y17,B03,P08,B03P08,B03P08LM,Y17B03P08,Y17LM,Y17B03P8LMS233
Y17B03P13BK,Y17B03P13BK,outer_bark,Y17,B03,P13,B03P13,B03P13BK,Y17B03P13,Y17BK,Y17B03P13BKS213
Y17B03P13DM,Y17B03P13DM,dead_bryos,Y17,B03,P13,B03P13,B03P13DM,Y17B03P13,Y17DM,Y17B03P13DMS222
Y17B03P13LM,Y17B03P13LM,live_bryos,Y17,B03,P13,B03P13,B03P13LM,Y17B03P13,Y17LM,Y17B03P13LMS210
Y17B03P14BK,Y17B03P14BK,outer_bark,Y17,B03,P14,B03P14,B03P14BK,Y17B03P14,Y17BK,Y17B03P14BKS237
Y17B03P14DM,Y17B03P14DM,dead_bryos,Y17,B03,P14,B03P14,B03P14DM,Y17B03P14,Y17DM,Y17B03P14DMS246
Y17B03P14LM,Y17B03P14LM,live_bryos,Y17,B03,P14,B03P14,B03P14LM,Y17B03P14,Y17LM,Y17B03P14LMS234
Y17B03P15BK,Y17B03P15BK,outer_bark,Y17,B03,P15,B03P15,B03P15BK,Y17B03P15,Y17BK,Y17B03P15BKS238
Y17B03P15DM,Y17B03P15DM,dead_bryos,Y17,B03,P15,B03P15,B03P15DM,Y17B03P15,Y17DM,Y17B03P15DMS199
Y17B03P15LM,Y17B03P15LM,live_bryos,Y17,B03,P15,B03P15,B03P15LM,Y17B03P15,Y17LM,Y17B03P15LMS187
Y17B03P15WD,Y17B03P15WD,inner_bark,Y17,B03,P15,B03P15,B03P15WD,Y17B03P15,Y17WD,Y17B03P15WDS249
Y17B03P20BK,Y17B03P20BK,outer_bark,Y17,B03,P20,B03P20,B03P20BK,Y17B03P20,Y17BK,Y17B03P20BKS190
Y17B03P20DM,Y17B03P20DM,dead_bryos,Y17,B03,P20,B03P20,B03P20DM,Y17B03P20,Y17DM,Y17B03P20DMS211
Y17B03P24BK,Y17B03P24BK,outer_bark,Y17,B03,P24,B03P24,B03P24BK,Y17B03P24,Y17BK,Y17B03P24BKS226
Y17B03P24DM,Y17B03P24DM,dead_bryos,Y17,B03,P24,B03P24,B03P24DM,Y17B03P24,Y17DM,Y17B03P24DMS235
Y17B03P24LM,Y17B03P24LM,live_bryos,Y17,B03,P24,B03P24,B03P24LM,Y17B03P24,Y17LM,Y17B03P24LMS223
Y17B03P25BK,Y17B03P25BK,outer_bark,Y17,B03,P25,B03P25,B03P25BK,Y17B03P25,Y17BK,Y17B03P25BKS191
Y17B03P25DM,Y17B03P25DM,dead_bryos,Y17,B03,P25,B03P25,B03P25DM,Y17B03P25,Y17DM,Y17B03P25DMS212
Y17B03P25LM,Y17B03P25LM,live_bryos,Y17,B03,P25,B03P25,B03P25LM,Y17B03P25,Y17LM,Y17B03P25LMS200
Y17B03P25WD,Y17B03P25WD,inner_bark,Y17,B03,P25,B03P25,B03P25WD,Y17B03P25,Y17WD,Y17B03P25WDS203
Y17B03P26BK,Y17B03P26BK,outer_bark,Y17,B03,P26,B03P26,B03P26BK,Y17B03P26,Y17BK,Y17B03P26BKS272
Y17B03P26DM,Y17B03P26DM,dead_bryos,Y17,B03,P26,B03P26,B03P26DM,Y17B03P26,Y17DM,Y17B03P26DMS247
Y17B03P26LM,Y17B03P26LM,live_bryos,Y17,B03,P26,B03P26,B03P26LM,Y17B03P26,Y17LM,Y17B03P26LMS224
Y17B03P27BK,Y17B03P27BK,outer_bark,Y17,B03,P27,B03P27,B03P27BK,Y17B03P27,Y17BK,Y17B03P27BKS215
Y17B03P27LM,Y17B03P27LM,live_bryos,Y17,B03,P27,B03P27,B03P27LM,Y17B03P27,Y17LM,Y17B03P27LMS236
Y17B03P27WD,Y17B03P27WD,inner_bark,Y17,B03,P27,B03P27,B03P27WD,Y17B03P27,Y17WD,Y17B03P27WDS227
Y17B04P01BK,Y17B04P01BK,outer_bark,Y17,B04,P01,B04P01,B04P01BK,Y17B04P01,Y17BK,Y17B04P1BKS263
Y17B04P01DM,Y17B04P01DM,dead_bryos,Y17,B04,P01,B04P01,B04P01DM,Y17B04P01,Y17DM,Y17B04P1DMS143
Y17B04P02BK,Y17B04P02BK,outer_bark,Y17,B04,P02,B04P02,B04P02BK,Y17B04P02,Y17BK,Y17B04P2BKS217
Y17B04P02DM,Y17B04P02DM,dead_bryos,Y17,B04,P02,B04P02,B04P02DM,Y17B04P02,Y17DM,Y17B04P2DMS167
Y17B04P02LM,Y17B04P02LM,live_bryos,Y17,B04,P02,B04P02,B04P02LM,Y17B04P02,Y17LM,Y17B04P2LMS155
Y17B04P03DM,Y17B04P03DM,dead_bryos,Y17,B04,P03,B04P03,B04P03DM,Y17B04P03,Y17DM,Y17B04P3DMS240
Y17B04P04BK,Y17B04P04BK,outer_bark,Y17,B04,P04,B04P04,B04P04BK,Y17B04P04,Y17BK,Y17B04P4BKS218
Y17B04P04DM,Y17B04P04DM,dead_bryos,Y17,B04,P04,B04P04,B04P04DM,Y17B04P04,Y17DM,Y17B04P4DMS228
Y17B04P04LM,Y17B04P04LM,live_bryos,Y17,B04,P04,B04P04,B04P04LM,Y17B04P04,Y17LM,Y17B04P4LMS216
Y17B04P08BK,Y17B04P08BK,outer_bark,Y17,B04,P08,B04P08,B04P08BK,Y17B04P08,Y17BK,Y17B04P8BKS183
Y17B04P08DM,Y17B04P08DM,dead_bryos,Y17,B04,P08,B04P08,B04P08DM,Y17B04P08,Y17DM,Y17B04P8DMS193
Y17B04P08LM,Y17B04P08LM,live_bryos,Y17,B04,P08,B04P08,B04P08LM,Y17B04P08,Y17LM,Y17B04P8LMS181
Y17B04P13DM,Y17B04P13DM,dead_bryos,Y17,B04,P13,B04P13,B04P13DM,Y17B04P13,Y17DM,Y17B04P2DMS241
Y17B04P13LM,Y17B04P13LM,live_bryos,Y17,B04,P13,B04P13,B04P13LM,Y17B04P013,Y17LM,Y17B04P2LMS229
Y17B04P14BK,Y17B04P14BK,outer_bark,Y17,B04,P14,B04P14,B04P14BK,Y17B04P14,Y17BK,Y17B04P14BKS207
Y17B04P14DM,Y17B04P14DM,dead_bryos,Y17,B04,P14,B04P14,B04P14DM,Y17B04P14,Y17DM,Y17B04P14DMS194
Y17B04P14LM,Y17B04P14LM,live_bryos,Y17,B04,P14,B04P14,B04P14LM,Y17B04P14,Y17LM,Y17B04P14LMS182
Y17B04P15BK,Y17B04P15BK,outer_bark,Y17,B04,P15,B04P15,B04P15BK,Y17B04P15,Y17BK,Y17B04P15BKS244
Y17B04P15LM,Y17B04P15LM,live_bryos,Y17,B04,P15,B04P15,B04P15LM,Y17B04P15,Y17LM,Y17B04P15LMS253
Y17B04P20BK,Y17B04P20BK,outer_bark,Y17,B04,P20,B04P20,B04P20BK,Y17B04P20,Y17BK,Y17B04P20BKS197
Y17B04P20DM,Y17B04P20DM,dead_bryos,Y17,B04,P20,B04P20,B04P20DM,Y17B04P20,Y17DM,Y17B04P20DMS242
Y17B04P20LM,Y17B04P20LM,live_bryos,Y17,B04,P20,B04P20,B04P20LM,Y17B04P20,Y17LM,Y17B04P20LMS230
Y17B04P24BK,Y17B04P24BK,outer_bark,Y17,B04,P24,B04P24,B04P24BK,Y17B04P24,Y17BK,Y17B04P24BKS267
Y17B04P25BK,Y17B04P25BK,outer_bark,Y17,B04,P25,B04P25,B04P25BK,Y17B04P25,Y17BK,Y17B04P25BKS198
Y17B04P25DM,Y17B04P25DM,dead_bryos,Y17,B04,P25,B04P25,B04P25DM,Y17B04P25,Y17DM,Y17B04P25DMS231
Y17B04P25LM,Y17B04P25LM,live_bryos,Y17,B04,P25,B04P25,B04P25LM,Y17B04P25,Y17LM,Y17B04P25LMS219
Y17B04P26BK,Y17B04P26BK,outer_bark,Y17,B04,P26,B04P26,B04P26BK,Y17B04P26,Y17BK,Y17B04P26BKS268
Y17B04P26DM,Y17B04P26DM,dead_bryos,Y17,B04,P26,B04P26,B04P26DM,Y17B04P26,Y17DM,Y17B04P26DMS243
Y17B05P01BK,Y17B05P01BK,outer_bark,Y17,B05,P01,B05P01,B05P01BK,Y17B05P01,Y17BK,Y17B05P1BKS174
Y17B05P01DM,Y17B05P01DM,dead_bryos,Y17,B05,P01,B05P01,B05P01DM,Y17B05P01,Y17DM,Y17B05P1DMS126
Y17B05P01LM,Y17B05P01LM,live_bryos,Y17,B05,P01,B05P01,B05P01LM,Y17B05P01,Y17LM,Y17B05P1LMS114
Y17B05P01WD,Y17B05P01WD,inner_bark,Y17,B05,P01,B05P01,B05P01WD,Y17B05P01,Y17WD,Y17B05P1WDS162
Y17B05P02BK,Y17B05P02BK,outer_bark,Y17,B05,P02,B05P02,B05P02BK,Y17B05P02,Y17BK,Y17B05P2BKS102
Y17B05P02DM,Y17B05P02DM,dead_bryos,Y17,B05,P02,B05P02,B05P02DM,Y17B05P02,Y17DM,Y17B05P2DMS150
Y17B05P02LM,Y17B05P02LM,live_bryos,Y17,B05,P02,B05P02,B05P02LM,Y17B05P02,Y17LM,Y17B05P2LMS138
Y17B05P02WD,Y17B05P02WD,inner_bark,Y17,B05,P02,B05P02,B05P02WD,Y17B05P02,Y17WD,Y17B05P2WDS90
Y17B05P03BK,Y17B05P03BK,outer_bark,Y17,B05,P03,B05P03,B05P03BK,Y17B05P03,Y17BK,Y17B05P3BKS127
Y17B05P03DM,Y17B05P03DM,dead_bryos,Y17,B05,P03,B05P03,B05P03DM,Y17B05P03,Y17DM,Y17B05P3DMS103
Y17B05P03LM,Y17B05P03LM,live_bryos,Y17,B05,P03,B05P03,B05P03LM,Y17B05P03,Y17LM,Y17B05P3LMS91
Y17B05P03WD,Y17B05P03WD,inner_bark,Y17,B05,P03,B05P03,B05P03WD,Y17B05P03,Y17WD,Y17B05P3WDS115
Y17B05P04BK,Y17B05P04BK,outer_bark,Y17,B05,P04,B05P04,B05P04BK,Y17B05P04,Y17BK,Y17B05P4BKS175
Y17B05P04DM,Y17B05P04DM,dead_bryos,Y17,B05,P04,B05P04,B05P04DM,Y17B05P04,Y17DM,Y17B05P4DMS151
Y17B05P04LM,Y17B05P04LM,live_bryos,Y17,B05,P04,B05P04,B05P04LM,Y17B05P04,Y17LM,Y17B05P4LMS139
Y17B05P04WD,Y17B05P04WD,inner_bark,Y17,B05,P04,B05P04,B05P04WD,Y17B05P04,Y17WD,Y17B05P4WDS163
Y17B05P08BK,Y17B05P08BK,outer_bark,Y17,B05,P08,B05P08,B05P08BK,Y17B05P08,Y17BK,Y17B05P8BKS128
Y17B05P08DM,Y17B05P08DM,dead_bryos,Y17,B05,P08,B05P08,B05P08DM,Y17B05P08,Y17DM,Y17B05P8DMS104
Y17B05P08LM,Y17B05P08LM,live_bryos,Y17,B05,P08,B05P08,B05P08LM,Y17B05P08,Y17LM,Y17B05P8LMS92
Y17B05P08WD,Y17B05P08WD,inner_bark,Y17,B05,P08,B05P08,B05P08WD,Y17B05P08,Y17WD,Y17B05P8WDS116
Y17B05P13BK,Y17B05P13BK,outer_bark,Y17,B05,P13,B05P13,B05P13BK,Y17B05P13,Y17BK,Y17B05P13BKS176
Y17B05P13DM,Y17B05P13DM,dead_bryos,Y17,B05,P13,B05P13,B05P13DM,Y17B05P13,Y17DM,Y17B05P13DMS152
Y17B05P13LM,Y17B05P13LM,live_bryos,Y17,B05,P13,B05P13,B05P13LM,Y17B05P13,Y17LM,Y17B05P13LMS140
Y17B05P13WD,Y17B05P13WD,inner_bark,Y17,B05,P13,B05P13,B05P13WD,Y17B05P13,Y17WD,Y17B05P13WDS164
Y17B05P14BK,Y17B05P14BK,outer_bark,Y17,B05,P14,B05P14,B05P14BK,Y17B05P14,Y17BK,Y17B05P14BKS129
Y17B05P14DM,Y17B05P14DM,dead_bryos,Y17,B05,P14,B05P14,B05P14DM,Y17B05P14,Y17DM,Y17B05P14DMS105
Y17B05P14LM,Y17B05P14LM,live_bryos,Y17,B05,P14,B05P14,B05P14LM,Y17B05P14,Y17LM,Y17B05P14LMS93
Y17B05P15BK,Y17B05P15BK,outer_bark,Y17,B05,P15,B05P15,B05P15BK,Y17B05P15,Y17BK,Y17B05P15BKS106
Y17B05P15DM,Y17B05P15DM,dead_bryos,Y17,B05,P15,B05P15,B05P15DM,Y17B05P15,Y17DM,Y17B05P15DMS153
Y17B05P15LM,Y17B05P15LM,live_bryos,Y17,B05,P15,B05P15,B05P15LM,Y17B05P15,Y17LM,Y17B05P15LMS141
Y17B05P15WD,Y17B05P15WD,inner_bark,Y17,B05,P15,B05P15,B05P15WD,Y17B05P15,Y17WD,Y17B05P15WDS94
Y17B05P20BK,Y17B05P20BK,outer_bark,Y17,B05,P20,B05P20,B05P20BK,Y17B05P20,Y17BK,Y17B05P20BKS178
Y17B05P20DM,Y17B05P20DM,dead_bryos,Y17,B05,P20,B05P20,B05P20DM,Y17B05P20,Y17DM,Y17B05P20DMS177
Y17B05P20LM,Y17B05P20LM,live_bryos,Y17,B05,P20,B05P20,B05P20LM,Y17B05P20,Y17LM,Y17B05P20LMS165
Y17B05P20WD,Y17B05P20WD,inner_bark,Y17,B05,P20,B05P20,B05P20WD,Y17B05P20,Y17WD,Y17B05P20WDS166
Y17B05P24BK,Y17B05P24BK,outer_bark,Y17,B05,P24,B05P24,B05P24BK,Y17B05P24,Y17BK,Y17B05P24BKS131
Y17B05P24DM,Y17B05P24DM,dead_bryos,Y17,B05,P24,B05P24,B05P24DM,Y17B05P24,Y17DM,Y17B05P24DMS154
Y17B05P24LM,Y17B05P24LM,live_bryos,Y17,B05,P24,B05P24,B05P24LM,Y17B05P24,Y17LM,Y17B05P24LMS142
Y17B05P24WD,Y17B05P24WD,inner_bark,Y17,B05,P24,B05P24,B05P24WD,Y17B05P24,Y17WD,Y17B05P24WDS119
Y17B05P25BK,Y17B05P25BK,outer_bark,Y17,B05,P25,B05P25,B05P25BK,Y17B05P25,Y17BK,Y17B05P25BKS180
Y17B05P25DM,Y17B05P25DM,dead_bryos,Y17,B05,P25,B05P25,B05P25DM,Y17B05P25,Y17DM,Y17B05P25DMS130
Y17B05P25LM,Y17B05P25LM,live_bryos,Y17,B05,P25,B05P25,B05P25LM,Y17B05P25,Y17LM,Y17B05P25LMS118
Y17B05P25WD,Y17B05P25WD,inner_bark,Y17,B05,P25,B05P25,B05P25WD,Y17B05P25,Y17WD,Y17B05P25WDS179
Y17B05P26BK,Y17B05P26BK,outer_bark,Y17,B05,P26,B05P26,B05P26BK,Y17B05P26,Y17BK,Y17B05P26BKS204
Y17B05P26DM,Y17B05P26DM,dead_bryos,Y17,B05,P26,B05P26,B05P26DM,Y17B05P26,Y17DM,Y17B05P26DMS107
Y17B05P26LM,Y17B05P26LM,live_bryos,Y17,B05,P26,B05P26,B05P26LM,Y17B05P26,Y17LM,Y17B05P26LMS95
